question_ids,question,answer_ids,answer,question_length,_base_rank
"[1863, 545, 9654, 5026, 204, 23, 480, 3245]"," following his debut album, but received",241, a,8,0
"[1863, 545, 9654, 5026, 204, 23, 480, 3245]"," following his debut album, but received",7697, mixed,8,1
"[1863, 545, 9654, 5026, 204, 23, 480, 3245]"," following his debut album, but received",1278, little,8,2
"[1863, 545, 9654, 5026, 204, 23, 480, 3245]"," following his debut album, but received",1499, less,8,3
"[1863, 545, 9654, 5026, 204, 23, 480, 3245]"," following his debut album, but received",736, only,8,4
"[1863, 545, 9654, 5026, 204, 23, 480, 3245]"," following his debut album, but received",4701, generally,8,5
"[1863, 545, 9654, 5026, 204, 23, 480, 3245]"," following his debut album, but received",658, no,8,6
"[1863, 545, 9654, 5026, 204, 23, 480, 3245]"," following his debut album, but received",3508, positive,8,7
"[1863, 545, 9654, 5026, 204, 23, 480, 3245]"," following his debut album, but received",520, more,8,8
"[1863, 545, 9654, 5026, 204, 23, 480, 3245]"," following his debut album, but received",4751, critical,8,9
"[1863, 545, 9654, 5026, 204, 23, 480, 3245]"," following his debut album, but received",829, very,8,10
"[1863, 545, 9654, 5026, 204, 23, 480, 3245]"," following his debut album, but received",5662, mostly,8,11
"[1863, 545, 9654, 5026, 204, 23, 480, 3245]"," following his debut album, but received",866, much,8,12
"[1863, 545, 9654, 5026, 204, 23, 480, 3245]"," following his debut album, but received",14166, criticism,8,13
"[1863, 545, 9654, 5026, 204, 23, 480, 3245]"," following his debut album, but received",5300, negative,8,14
"[1863, 545, 9654, 5026, 204, 23, 480, 3245]"," following his debut album, but received",596, some,8,15
"[1863, 545, 9654, 5026, 204, 23, 480, 3245]"," following his debut album, but received",4439, poor,8,16
"[1863, 545, 9654, 5026, 204, 23, 480, 3245]"," following his debut album, but received",3991, limited,8,17
"[1863, 545, 9654, 5026, 204, 23, 480, 3245]"," following his debut album, but received",248, the,8,18
"[1863, 545, 9654, 5026, 204, 23, 480, 3245]"," following his debut album, but received",267, an,8,19
"[1863, 545, 9654, 5026, 204, 23, 480, 3245]"," following his debut album, but received",9252, minimal,8,20
"[1863, 545, 9654, 5026, 204, 23, 480, 3245]"," following his debut album, but received",204, ,8,21
"[1863, 545, 9654, 5026, 204, 23, 480, 3245]"," following his debut album, but received",15557, widespread,8,22
"[1863, 545, 9654, 5026, 204, 23, 480, 3245]"," following his debut album, but received",545, his,8,23
"[1863, 545, 9654, 5026, 204, 23, 480, 3245]"," following his debut album, but received",51686, luke,8,24
"[1863, 545, 9654, 5026, 204, 23, 480, 3245]"," following his debut album, but received",1825, far,8,25
"[1863, 545, 9654, 5026, 204, 23, 480, 3245]"," following his debut album, but received",13690, moderate,8,26
"[1863, 545, 9654, 5026, 204, 23, 480, 3245]"," following his debut album, but received",6976, relatively,8,27
"[1863, 545, 9654, 5026, 204, 23, 480, 3245]"," following his debut album, but received",24296, acclaim,8,28
"[1863, 545, 9654, 5026, 204, 23, 480, 3245]"," following his debut album, but received",20544, favorable,8,29
"[1863, 545, 9654, 5026, 204, 23, 480, 3245]"," following his debut album, but received",2589, significant,8,30
"[1863, 545, 9654, 5026, 204, 23, 480, 3245]"," following his debut album, but received",15774, praise,8,31
"[1863, 545, 9654, 5026, 204, 23, 480, 3245]"," following his debut album, but received",1286, better,8,32
"[1863, 545, 9654, 5026, 204, 23, 480, 3245]"," following his debut album, but received",4385, greater,8,33
"[1863, 545, 9654, 5026, 204, 23, 480, 3245]"," following his debut album, but received",7992, mainly,8,34
"[1863, 545, 9654, 5026, 204, 23, 480, 3245]"," following his debut album, but received",830, even,8,35
"[1863, 545, 9654, 5026, 204, 23, 480, 3245]"," following his debut album, but received",4416, commercial,8,36
"[1863, 545, 9654, 5026, 204, 23, 480, 3245]"," following his debut album, but received",4892, heavy,8,37
"[1863, 545, 9654, 5026, 204, 23, 480, 3245]"," following his debut album, but received",50500, rave,8,38
"[1863, 545, 9654, 5026, 204, 23, 480, 3245]"," following his debut album, but received",39771, mediocre,8,39
"[1863, 545, 9654, 5026, 204, 23, 480, 3245]"," following his debut album, but received",1958, low,8,40
"[1863, 545, 9654, 5026, 204, 23, 480, 3245]"," following his debut album, but received",3089, lower,8,41
"[1863, 545, 9654, 5026, 204, 23, 480, 3245]"," following his debut album, but received",9540, largely,8,42
"[1863, 545, 9654, 5026, 204, 23, 480, 3245]"," following his debut album, but received",17332, modest,8,43
"[1863, 545, 9654, 5026, 204, 23, 480, 3245]"," following his debut album, but received",6302, significantly,8,44
"[1863, 545, 9654, 5026, 204, 23, 480, 3245]"," following his debut album, but received",822, good,8,45
"[1863, 545, 9654, 5026, 204, 23, 480, 3245]"," following his debut album, but received",1988, several,8,46
"[1863, 545, 9654, 5026, 204, 23, 480, 3245]"," following his debut album, but received",6167, minor,8,47
"[1863, 545, 9654, 5026, 204, 23, 480, 3245]"," following his debut album, but received",701, its,8,48
"[1863, 545, 9654, 5026, 204, 23, 480, 3245]"," following his debut album, but received",335, with,8,49
"[1863, 545, 9654, 5026, 204, 23, 480, 3245]"," following his debut album, but received",2376, almost,8,50
"[1863, 545, 9654, 5026, 204, 23, 480, 3245]"," following his debut album, but received",3197, attention,8,51
"[1863, 545, 9654, 5026, 204, 23, 480, 3245]"," following his debut album, but received",25,.,8,52
"[1863, 545, 9654, 5026, 204, 23, 480, 3245]"," following his debut album, but received",914, great,8,53
"[1863, 545, 9654, 5026, 204, 23, 480, 3245]"," following his debut album, but received",3502, international,8,54
"[1863, 545, 9654, 5026, 204, 23, 480, 3245]"," following his debut album, but received",2127, strong,8,55
"[1863, 545, 9654, 5026, 204, 23, 480, 3245]"," following his debut album, but received",11747, wider,8,56
"[1863, 545, 9654, 5026, 204, 23, 480, 3245]"," following his debut album, but received",2515, further,8,57
"[1863, 545, 9654, 5026, 204, 23, 480, 3245]"," following his debut album, but received",3795, lack,8,58
"[1863, 545, 9654, 5026, 204, 23, 480, 3245]"," following his debut album, but received",986, high,8,59
"[1863, 545, 9654, 5026, 204, 23, 480, 3245]"," following his debut album, but received",860, many,8,60
"[1863, 545, 9654, 5026, 204, 23, 480, 3245]"," following his debut album, but received",47606, favourable,8,61
"[1863, 545, 9654, 5026, 204, 23, 480, 3245]"," following his debut album, but received",847, two,8,62
"[1863, 545, 9654, 5026, 204, 23, 480, 3245]"," following his debut album, but received",13321, considerable,8,63
"[1863, 545, 9654, 5026, 204, 23, 480, 3245]"," following his debut album, but received",3436, wide,8,64
"[1863, 545, 9654, 5026, 204, 23, 480, 3245]"," following his debut album, but received",41732, backlash,8,65
"[1863, 545, 9654, 5026, 204, 23, 480, 3245]"," following his debut album, but received",1829, air,8,66
"[1863, 545, 9654, 5026, 204, 23, 480, 3245]"," following his debut album, but received",43066, overwhelmingly,8,67
"[1863, 545, 9654, 5026, 204, 23, 480, 3245]"," following his debut album, but received",9959, mild,8,68
"[1863, 545, 9654, 5026, 204, 23, 480, 3245]"," following his debut album, but received",17386, considerably,8,69
"[1863, 545, 9654, 5026, 204, 23, 480, 3245]"," following his debut album, but received",1382, another,8,70
"[1863, 545, 9654, 5026, 204, 23, 480, 3245]"," following his debut album, but received",240, t,8,71
"[1863, 545, 9654, 5026, 204, 23, 480, 3245]"," following his debut album, but received",44176, midd,8,72
"[1863, 545, 9654, 5026, 204, 23, 480, 3245]"," following his debut album, but received",3608, average,8,73
"[1863, 545, 9654, 5026, 204, 23, 480, 3245]"," following his debut album, but received",334, it,8,74
"[19930, 204, 23, 398, 4171, 313, 204, 36, 1896, 204]"," Studios, was released on 9 May ",626,201,10,0
"[19930, 204, 23, 398, 4171, 313, 204, 36, 1896, 204]"," Studios, was released on 9 May ",853,200,10,1
"[19930, 204, 23, 398, 4171, 313, 204, 36, 1896, 204]"," Studios, was released on 9 May ",1840,199,10,2
"[19930, 204, 23, 398, 4171, 313, 204, 36, 1896, 204]"," Studios, was released on 9 May ",23,",",10,3
"[19930, 204, 23, 398, 4171, 313, 204, 36, 1896, 204]"," Studios, was released on 9 May ",2747,198,10,4
"[19930, 204, 23, 398, 4171, 313, 204, 36, 1896, 204]"," Studios, was released on 9 May ",905,202,10,5
"[19930, 204, 23, 398, 4171, 313, 204, 36, 1896, 204]"," Studios, was released on 9 May ",70,[,10,6
"[19930, 204, 23, 398, 4171, 313, 204, 36, 1896, 204]"," Studios, was released on 9 May ",3344,197,10,7
"[19930, 204, 23, 398, 4171, 313, 204, 36, 1896, 204]"," Studios, was released on 9 May ",25,.,10,8
"[19930, 204, 23, 398, 4171, 313, 204, 36, 1896, 204]"," Studios, was released on 9 May ",3954,196,10,9
"[19930, 204, 23, 398, 4171, 313, 204, 36, 1896, 204]"," Studios, was released on 9 May ",19,(,10,10
"[19930, 204, 23, 398, 4171, 313, 204, 36, 1896, 204]"," Studios, was released on 9 May ",5021,195,10,11
"[19930, 204, 23, 398, 4171, 313, 204, 36, 1896, 204]"," Studios, was released on 9 May ",5387,194,10,12
"[19930, 204, 23, 398, 4171, 313, 204, 36, 1896, 204]"," Studios, was released on 9 May ",38,;,10,13
"[19930, 204, 23, 398, 4171, 313, 204, 36, 1896, 204]"," Studios, was released on 9 May ",6128,193,10,14
"[19930, 204, 23, 398, 4171, 313, 204, 36, 1896, 204]"," Studios, was released on 9 May ",423,20,10,15
"[19930, 204, 23, 398, 4171, 313, 204, 36, 1896, 204]"," Studios, was released on 9 May ",898,…,10,16
"[19930, 204, 23, 398, 4171, 313, 204, 36, 1896, 204]"," Studios, was released on 9 May ",29,2,10,17
"[19930, 204, 23, 398, 4171, 313, 204, 36, 1896, 204]"," Studios, was released on 9 May ",28,1,10,18
"[19930, 204, 23, 398, 4171, 313, 204, 36, 1896, 204]"," Studios, was released on 9 May ",951,...,10,19
"[19930, 204, 23, 398, 4171, 313, 204, 36, 1896, 204]"," Studios, was released on 9 May ",30,3,10,20
"[19930, 204, 23, 398, 4171, 313, 204, 36, 1896, 204]"," Studios, was released on 9 May ",6182,192,10,21
"[19930, 204, 23, 398, 4171, 313, 204, 36, 1896, 204]"," Studios, was released on 9 May ",791,—,10,22
"[19930, 204, 23, 398, 4171, 313, 204, 36, 1896, 204]"," Studios, was released on 9 May ",600,–,10,23
"[19930, 204, 23, 398, 4171, 313, 204, 36, 1896, 204]"," Studios, was released on 9 May ",6474,191,10,24
"[19930, 204, 23, 398, 4171, 313, 204, 36, 1896, 204]"," Studios, was released on 9 May ",513,..,10,25
"[19930, 204, 23, 398, 4171, 313, 204, 36, 1896, 204]"," Studios, was released on 9 May ",24,-,10,26
"[19930, 204, 23, 398, 4171, 313, 204, 36, 1896, 204]"," Studios, was released on 9 May ",31,4,10,27
"[19930, 204, 23, 398, 4171, 313, 204, 36, 1896, 204]"," Studios, was released on 9 May ",13,"""",10,28
"[19930, 204, 23, 398, 4171, 313, 204, 36, 1896, 204]"," Studios, was released on 9 May ",696,10,10,29
"[19930, 204, 23, 398, 4171, 313, 204, 36, 1896, 204]"," Studios, was released on 9 May ",31847,",[",10,30
"[19930, 204, 23, 398, 4171, 313, 204, 36, 1896, 204]"," Studios, was released on 9 May ",35,8,10,31
"[19930, 204, 23, 398, 4171, 313, 204, 36, 1896, 204]"," Studios, was released on 9 May ",928,12,10,32
"[19930, 204, 23, 398, 4171, 313, 204, 36, 1896, 204]"," Studios, was released on 9 May ",1243,16,10,33
"[19930, 204, 23, 398, 4171, 313, 204, 36, 1896, 204]"," Studios, was released on 9 May ",1069,11,10,34
"[19930, 204, 23, 398, 4171, 313, 204, 36, 1896, 204]"," Studios, was released on 9 May ",660,19,10,35
"[19930, 204, 23, 398, 4171, 313, 204, 36, 1896, 204]"," Studios, was released on 9 May ",1121,18,10,36
"[19930, 204, 23, 398, 4171, 313, 204, 36, 1896, 204]"," Studios, was released on 9 May ",36,9,10,37
"[19930, 204, 23, 398, 4171, 313, 204, 36, 1896, 204]"," Studios, was released on 9 May ",32,5,10,38
"[19930, 204, 23, 398, 4171, 313, 204, 36, 1896, 204]"," Studios, was released on 9 May ",1313,13,10,39
"[19930, 204, 23, 398, 4171, 313, 204, 36, 1896, 204]"," Studios, was released on 9 May ",7001,190,10,40
"[19930, 204, 23, 398, 4171, 313, 204, 36, 1896, 204]"," Studios, was released on 9 May ",5689,….,10,41
"[19930, 204, 23, 398, 4171, 313, 204, 36, 1896, 204]"," Studios, was released on 9 May ",1030,15,10,42
"[19930, 204, 23, 398, 4171, 313, 204, 36, 1896, 204]"," Studios, was released on 9 May ",3614,09,10,43
"[19930, 204, 23, 398, 4171, 313, 204, 36, 1896, 204]"," Studios, was released on 9 May ",33,6,10,44
"[19930, 204, 23, 398, 4171, 313, 204, 36, 1896, 204]"," Studios, was released on 9 May ",1868,21,10,45
"[19930, 204, 23, 398, 4171, 313, 204, 36, 1896, 204]"," Studios, was released on 9 May ",1392,17,10,46
"[19930, 204, 23, 398, 4171, 313, 204, 36, 1896, 204]"," Studios, was released on 9 May ",37,:,10,47
"[19930, 204, 23, 398, 4171, 313, 204, 36, 1896, 204]"," Studios, was released on 9 May ",6873,.[,10,48
"[19930, 204, 23, 398, 4171, 313, 204, 36, 1896, 204]"," Studios, was released on 9 May ",1279,14,10,49
"[19930, 204, 23, 398, 4171, 313, 204, 36, 1896, 204]"," Studios, was released on 9 May ",34,7,10,50
"[19930, 204, 23, 398, 4171, 313, 204, 36, 1896, 204]"," Studios, was released on 9 May ",12,!,10,51
"[19930, 204, 23, 398, 4171, 313, 204, 36, 1896, 204]"," Studios, was released on 9 May ",18,',10,52
"[19930, 204, 23, 398, 4171, 313, 204, 36, 1896, 204]"," Studios, was released on 9 May ",5154,[…],10,53
"[19930, 204, 23, 398, 4171, 313, 204, 36, 1896, 204]"," Studios, was released on 9 May ",9695,189,10,54
"[19930, 204, 23, 398, 4171, 313, 204, 36, 1896, 204]"," Studios, was released on 9 May ",2791,31,10,55
"[19930, 204, 23, 398, 4171, 313, 204, 36, 1896, 204]"," Studios, was released on 9 May ",2497,....,10,56
"[19930, 204, 23, 398, 4171, 313, 204, 36, 1896, 204]"," Studios, was released on 9 May ",10661,187,10,57
"[19930, 204, 23, 398, 4171, 313, 204, 36, 1896, 204]"," Studios, was released on 9 May ",9963,",.",10,58
"[19930, 204, 23, 398, 4171, 313, 204, 36, 1896, 204]"," Studios, was released on 9 May ",1671,22,10,59
"[19930, 204, 23, 398, 4171, 313, 204, 36, 1896, 204]"," Studios, was released on 9 May ",2102,27,10,60
"[19930, 204, 23, 398, 4171, 313, 204, 36, 1896, 204]"," Studios, was released on 9 May ",9892,188,10,61
"[19930, 204, 23, 398, 4171, 313, 204, 36, 1896, 204]"," Studios, was released on 9 May ",4100,·,10,62
"[19930, 204, 23, 398, 4171, 313, 204, 36, 1896, 204]"," Studios, was released on 9 May ",4278,[],10,63
"[19930, 204, 23, 398, 4171, 313, 204, 36, 1896, 204]"," Studios, was released on 9 May ",26,/,10,64
"[19930, 204, 23, 398, 4171, 313, 204, 36, 1896, 204]"," Studios, was released on 9 May ",10380,186,10,65
"[19930, 204, 23, 398, 4171, 313, 204, 36, 1896, 204]"," Studios, was released on 9 May ",488,“,10,66
"[19930, 204, 23, 398, 4171, 313, 204, 36, 1896, 204]"," Studios, was released on 9 May ",1067,30,10,67
"[19930, 204, 23, 398, 4171, 313, 204, 36, 1896, 204]"," Studios, was released on 9 May ",4753,().,10,68
"[19930, 204, 23, 398, 4171, 313, 204, 36, 1896, 204]"," Studios, was released on 9 May ",3739,08,10,69
"[19930, 204, 23, 398, 4171, 313, 204, 36, 1896, 204]"," Studios, was released on 9 May ",1395,25,10,70
"[19930, 204, 23, 398, 4171, 313, 204, 36, 1896, 204]"," Studios, was released on 9 May ",2086,28,10,71
"[19930, 204, 23, 398, 4171, 313, 204, 36, 1896, 204]"," Studios, was released on 9 May ",20,),10,72
"[19930, 204, 23, 398, 4171, 313, 204, 36, 1896, 204]"," Studios, was released on 9 May ",1871,23,10,73
"[19930, 204, 23, 398, 4171, 313, 204, 36, 1896, 204]"," Studios, was released on 9 May ",1463,24,10,74
"[241, 622, 275, 248, 2926, 17145, 3153, 345, 241, 9212, 35696, 312, 701, 2429, 4198, 204]", a part of the National Highway System as a principal arterial for its entire length ,19,(,16,0
"[241, 622, 275, 248, 2926, 17145, 3153, 345, 241, 9212, 35696, 312, 701, 2429, 4198, 204]", a part of the National Highway System as a principal arterial for its entire length ,70,[,16,1
"[241, 622, 275, 248, 2926, 17145, 3153, 345, 241, 9212, 35696, 312, 701, 2429, 4198, 204]", a part of the National Highway System as a principal arterial for its entire length ,600,–,16,2
"[241, 622, 275, 248, 2926, 17145, 3153, 345, 241, 9212, 35696, 312, 701, 2429, 4198, 204]", a part of the National Highway System as a principal arterial for its entire length ,24,-,16,3
"[241, 622, 275, 248, 2926, 17145, 3153, 345, 241, 9212, 35696, 312, 701, 2429, 4198, 204]", a part of the National Highway System as a principal arterial for its entire length ,25,.,16,4
"[241, 622, 275, 248, 2926, 17145, 3153, 345, 241, 9212, 35696, 312, 701, 2429, 4198, 204]", a part of the National Highway System as a principal arterial for its entire length ,791,—,16,5
"[241, 622, 275, 248, 2926, 17145, 3153, 345, 241, 9212, 35696, 312, 701, 2429, 4198, 204]", a part of the National Highway System as a principal arterial for its entire length ,951,...,16,6
"[241, 622, 275, 248, 2926, 17145, 3153, 345, 241, 9212, 35696, 312, 701, 2429, 4198, 204]", a part of the National Highway System as a principal arterial for its entire length ,563,--,16,7
"[241, 622, 275, 248, 2926, 17145, 3153, 345, 241, 9212, 35696, 312, 701, 2429, 4198, 204]", a part of the National Highway System as a principal arterial for its entire length ,23,",",16,8
"[241, 622, 275, 248, 2926, 17145, 3153, 345, 241, 9212, 35696, 312, 701, 2429, 4198, 204]", a part of the National Highway System as a principal arterial for its entire length ,898,…,16,9
"[241, 622, 275, 248, 2926, 17145, 3153, 345, 241, 9212, 35696, 312, 701, 2429, 4198, 204]", a part of the National Highway System as a principal arterial for its entire length ,2291,•,16,10
"[241, 622, 275, 248, 2926, 17145, 3153, 345, 241, 9212, 35696, 312, 701, 2429, 4198, 204]", a part of the National Highway System as a principal arterial for its entire length ,38,;,16,11
"[241, 622, 275, 248, 2926, 17145, 3153, 345, 241, 9212, 35696, 312, 701, 2429, 4198, 204]", a part of the National Highway System as a principal arterial for its entire length ,13,"""",16,12
"[241, 622, 275, 248, 2926, 17145, 3153, 345, 241, 9212, 35696, 312, 701, 2429, 4198, 204]", a part of the National Highway System as a principal arterial for its entire length ,4753,().,16,13
"[241, 622, 275, 248, 2926, 17145, 3153, 345, 241, 9212, 35696, 312, 701, 2429, 4198, 204]", a part of the National Highway System as a principal arterial for its entire length ,17,&,16,14
"[241, 622, 275, 248, 2926, 17145, 3153, 345, 241, 9212, 35696, 312, 701, 2429, 4198, 204]", a part of the National Highway System as a principal arterial for its entire length ,28,1,16,15
"[241, 622, 275, 248, 2926, 17145, 3153, 345, 241, 9212, 35696, 312, 701, 2429, 4198, 204]", a part of the National Highway System as a principal arterial for its entire length ,19778,[[,16,16
"[241, 622, 275, 248, 2926, 17145, 3153, 345, 241, 9212, 35696, 312, 701, 2429, 4198, 204]", a part of the National Highway System as a principal arterial for its entire length ,30,3,16,17
"[241, 622, 275, 248, 2926, 17145, 3153, 345, 241, 9212, 35696, 312, 701, 2429, 4198, 204]", a part of the National Highway System as a principal arterial for its entire length ,29,2,16,18
"[241, 622, 275, 248, 2926, 17145, 3153, 345, 241, 9212, 35696, 312, 701, 2429, 4198, 204]", a part of the National Highway System as a principal arterial for its entire length ,10510,([,16,19
"[241, 622, 275, 248, 2926, 17145, 3153, 345, 241, 9212, 35696, 312, 701, 2429, 4198, 204]", a part of the National Highway System as a principal arterial for its entire length ,37,:,16,20
"[241, 622, 275, 248, 2926, 17145, 3153, 345, 241, 9212, 35696, 312, 701, 2429, 4198, 204]", a part of the National Highway System as a principal arterial for its entire length ,21,*,16,21
"[241, 622, 275, 248, 2926, 17145, 3153, 345, 241, 9212, 35696, 312, 701, 2429, 4198, 204]", a part of the National Highway System as a principal arterial for its entire length ,1672,"(""",16,22
"[241, 622, 275, 248, 2926, 17145, 3153, 345, 241, 9212, 35696, 312, 701, 2429, 4198, 204]", a part of the National Highway System as a principal arterial for its entire length ,25858,(#,16,23
"[241, 622, 275, 248, 2926, 17145, 3153, 345, 241, 9212, 35696, 312, 701, 2429, 4198, 204]", a part of the National Highway System as a principal arterial for its entire length ,31,4,16,24
"[241, 622, 275, 248, 2926, 17145, 3153, 345, 241, 9212, 35696, 312, 701, 2429, 4198, 204]", a part of the National Highway System as a principal arterial for its entire length ,47388,(~,16,25
"[241, 622, 275, 248, 2926, 17145, 3153, 345, 241, 9212, 35696, 312, 701, 2429, 4198, 204]", a part of the National Highway System as a principal arterial for its entire length ,3866,($,16,26
"[241, 622, 275, 248, 2926, 17145, 3153, 345, 241, 9212, 35696, 312, 701, 2429, 4198, 204]", a part of the National Highway System as a principal arterial for its entire length ,6873,.[,16,27
"[241, 622, 275, 248, 2926, 17145, 3153, 345, 241, 9212, 35696, 312, 701, 2429, 4198, 204]", a part of the National Highway System as a principal arterial for its entire length ,1152,(),16,28
"[241, 622, 275, 248, 2926, 17145, 3153, 345, 241, 9212, 35696, 312, 701, 2429, 4198, 204]", a part of the National Highway System as a principal arterial for its entire length ,62155,(>,16,29
"[241, 622, 275, 248, 2926, 17145, 3153, 345, 241, 9212, 35696, 312, 701, 2429, 4198, 204]", a part of the National Highway System as a principal arterial for its entire length ,103,|,16,30
"[241, 622, 275, 248, 2926, 17145, 3153, 345, 241, 9212, 35696, 312, 701, 2429, 4198, 204]", a part of the National Highway System as a principal arterial for its entire length ,22633,(.,16,31
"[241, 622, 275, 248, 2926, 17145, 3153, 345, 241, 9212, 35696, 312, 701, 2429, 4198, 204]", a part of the National Highway System as a principal arterial for its entire length ,763,**,16,32
"[241, 622, 275, 248, 2926, 17145, 3153, 345, 241, 9212, 35696, 312, 701, 2429, 4198, 204]", a part of the National Highway System as a principal arterial for its entire length ,14,#,16,33
"[241, 622, 275, 248, 2926, 17145, 3153, 345, 241, 9212, 35696, 312, 701, 2429, 4198, 204]", a part of the National Highway System as a principal arterial for its entire length ,32,5,16,34
"[241, 622, 275, 248, 2926, 17145, 3153, 345, 241, 9212, 35696, 312, 701, 2429, 4198, 204]", a part of the National Highway System as a principal arterial for its entire length ,5154,[…],16,35
"[241, 622, 275, 248, 2926, 17145, 3153, 345, 241, 9212, 35696, 312, 701, 2429, 4198, 204]", a part of the National Highway System as a principal arterial for its entire length ,488,“,16,36
"[241, 622, 275, 248, 2926, 17145, 3153, 345, 241, 9212, 35696, 312, 701, 2429, 4198, 204]", a part of the National Highway System as a principal arterial for its entire length ,26,/,16,37
"[241, 622, 275, 248, 2926, 17145, 3153, 345, 241, 9212, 35696, 312, 701, 2429, 4198, 204]", a part of the National Highway System as a principal arterial for its entire length ,513,..,16,38
"[241, 622, 275, 248, 2926, 17145, 3153, 345, 241, 9212, 35696, 312, 701, 2429, 4198, 204]", a part of the National Highway System as a principal arterial for its entire length ,33,6,16,39
"[241, 622, 275, 248, 2926, 17145, 3153, 345, 241, 9212, 35696, 312, 701, 2429, 4198, 204]", a part of the National Highway System as a principal arterial for its entire length ,4100,·,16,40
"[241, 622, 275, 248, 2926, 17145, 3153, 345, 241, 9212, 35696, 312, 701, 2429, 4198, 204]", a part of the National Highway System as a principal arterial for its entire length ,27,0,16,41
"[241, 622, 275, 248, 2926, 17145, 3153, 345, 241, 9212, 35696, 312, 701, 2429, 4198, 204]", a part of the National Highway System as a principal arterial for its entire length ,13190,[...],16,42
"[241, 622, 275, 248, 2926, 17145, 3153, 345, 241, 9212, 35696, 312, 701, 2429, 4198, 204]", a part of the National Highway System as a principal arterial for its entire length ,17764,(+,16,43
"[241, 622, 275, 248, 2926, 17145, 3153, 345, 241, 9212, 35696, 312, 701, 2429, 4198, 204]", a part of the National Highway System as a principal arterial for its entire length ,4278,[],16,44
"[241, 622, 275, 248, 2926, 17145, 3153, 345, 241, 9212, 35696, 312, 701, 2429, 4198, 204]", a part of the National Highway System as a principal arterial for its entire length ,39,<,16,45
"[241, 622, 275, 248, 2926, 17145, 3153, 345, 241, 9212, 35696, 312, 701, 2429, 4198, 204]", a part of the National Highway System as a principal arterial for its entire length ,2497,....,16,46
"[241, 622, 275, 248, 2926, 17145, 3153, 345, 241, 9212, 35696, 312, 701, 2429, 4198, 204]", a part of the National Highway System as a principal arterial for its entire length ,36,9,16,47
"[241, 622, 275, 248, 2926, 17145, 3153, 345, 241, 9212, 35696, 312, 701, 2429, 4198, 204]", a part of the National Highway System as a principal arterial for its entire length ,11212,(“,16,48
"[241, 622, 275, 248, 2926, 17145, 3153, 345, 241, 9212, 35696, 312, 701, 2429, 4198, 204]", a part of the National Highway System as a principal arterial for its entire length ,35,8,16,49
"[241, 622, 275, 248, 2926, 17145, 3153, 345, 241, 9212, 35696, 312, 701, 2429, 4198, 204]", a part of the National Highway System as a principal arterial for its entire length ,34,7,16,50
"[241, 622, 275, 248, 2926, 17145, 3153, 345, 241, 9212, 35696, 312, 701, 2429, 4198, 204]", a part of the National Highway System as a principal arterial for its entire length ,39207,(<,16,51
"[241, 622, 275, 248, 2926, 17145, 3153, 345, 241, 9212, 35696, 312, 701, 2429, 4198, 204]", a part of the National Highway System as a principal arterial for its entire length ,1069,11,16,52
"[241, 622, 275, 248, 2926, 17145, 3153, 345, 241, 9212, 35696, 312, 701, 2429, 4198, 204]", a part of the National Highway System as a principal arterial for its entire length ,72,],16,53
"[241, 622, 275, 248, 2926, 17145, 3153, 345, 241, 9212, 35696, 312, 701, 2429, 4198, 204]", a part of the National Highway System as a principal arterial for its entire length ,42,?,16,54
"[241, 622, 275, 248, 2926, 17145, 3153, 345, 241, 9212, 35696, 312, 701, 2429, 4198, 204]", a part of the National Highway System as a principal arterial for its entire length ,5636,"(),",16,55
"[241, 622, 275, 248, 2926, 17145, 3153, 345, 241, 9212, 35696, 312, 701, 2429, 4198, 204]", a part of the National Highway System as a principal arterial for its entire length ,20,),16,56
"[241, 622, 275, 248, 2926, 17145, 3153, 345, 241, 9212, 35696, 312, 701, 2429, 4198, 204]", a part of the National Highway System as a principal arterial for its entire length ,928,12,16,57
"[241, 622, 275, 248, 2926, 17145, 3153, 345, 241, 9212, 35696, 312, 701, 2429, 4198, 204]", a part of the National Highway System as a principal arterial for its entire length ,696,10,16,58
"[241, 622, 275, 248, 2926, 17145, 3153, 345, 241, 9212, 35696, 312, 701, 2429, 4198, 204]", a part of the National Highway System as a principal arterial for its entire length ,73,^,16,59
"[241, 622, 275, 248, 2926, 17145, 3153, 345, 241, 9212, 35696, 312, 701, 2429, 4198, 204]", a part of the National Highway System as a principal arterial for its entire length ,1463,24,16,60
"[241, 622, 275, 248, 2926, 17145, 3153, 345, 241, 9212, 35696, 312, 701, 2429, 4198, 204]", a part of the National Highway System as a principal arterial for its entire length ,691,).,16,61
"[241, 622, 275, 248, 2926, 17145, 3153, 345, 241, 9212, 35696, 312, 701, 2429, 4198, 204]", a part of the National Highway System as a principal arterial for its entire length ,1313,13,16,62
"[241, 622, 275, 248, 2926, 17145, 3153, 345, 241, 9212, 35696, 312, 701, 2429, 4198, 204]", a part of the National Highway System as a principal arterial for its entire length ,853,200,16,63
"[241, 622, 275, 248, 2926, 17145, 3153, 345, 241, 9212, 35696, 312, 701, 2429, 4198, 204]", a part of the National Highway System as a principal arterial for its entire length ,15,$,16,64
"[241, 622, 275, 248, 2926, 17145, 3153, 345, 241, 9212, 35696, 312, 701, 2429, 4198, 204]", a part of the National Highway System as a principal arterial for its entire length ,5689,….,16,65
"[241, 622, 275, 248, 2926, 17145, 3153, 345, 241, 9212, 35696, 312, 701, 2429, 4198, 204]", a part of the National Highway System as a principal arterial for its entire length ,1243,16,16,66
"[241, 622, 275, 248, 2926, 17145, 3153, 345, 241, 9212, 35696, 312, 701, 2429, 4198, 204]", a part of the National Highway System as a principal arterial for its entire length ,1279,14,16,67
"[241, 622, 275, 248, 2926, 17145, 3153, 345, 241, 9212, 35696, 312, 701, 2429, 4198, 204]", a part of the National Highway System as a principal arterial for its entire length ,1121,18,16,68
"[241, 622, 275, 248, 2926, 17145, 3153, 345, 241, 9212, 35696, 312, 701, 2429, 4198, 204]", a part of the National Highway System as a principal arterial for its entire length ,102,{,16,69
"[241, 622, 275, 248, 2926, 17145, 3153, 345, 241, 9212, 35696, 312, 701, 2429, 4198, 204]", a part of the National Highway System as a principal arterial for its entire length ,1030,15,16,70
"[241, 622, 275, 248, 2926, 17145, 3153, 345, 241, 9212, 35696, 312, 701, 2429, 4198, 204]", a part of the National Highway System as a principal arterial for its entire length ,1392,17,16,71
"[241, 622, 275, 248, 2926, 17145, 3153, 345, 241, 9212, 35696, 312, 701, 2429, 4198, 204]", a part of the National Highway System as a principal arterial for its entire length ,1738,40,16,72
"[241, 622, 275, 248, 2926, 17145, 3153, 345, 241, 9212, 35696, 312, 701, 2429, 4198, 204]", a part of the National Highway System as a principal arterial for its entire length ,10164,"...""",16,73
"[241, 622, 275, 248, 2926, 17145, 3153, 345, 241, 9212, 35696, 312, 701, 2429, 4198, 204]", a part of the National Highway System as a principal arterial for its entire length ,626,201,16,74
"[398, 5200, 271, 248, 9587, 37404, 1255, 204, 23, 585, 614, 3345, 2108, 3864, 15789, 6628, 4179, 38161, 10960, 343, 484, 204]"," was named to the pentathlon team, which also included future International Olympic Committee president Avery Brundage ",23,",",22,0
"[398, 5200, 271, 248, 9587, 37404, 1255, 204, 23, 585, 614, 3345, 2108, 3864, 15789, 6628, 4179, 38161, 10960, 343, 484, 204]"," was named to the pentathlon team, which also included future International Olympic Committee president Avery Brundage ",25,.,22,1
"[398, 5200, 271, 248, 9587, 37404, 1255, 204, 23, 585, 614, 3345, 2108, 3864, 15789, 6628, 4179, 38161, 10960, 343, 484, 204]"," was named to the pentathlon team, which also included future International Olympic Committee president Avery Brundage ",19,(,22,2
"[398, 5200, 271, 248, 9587, 37404, 1255, 204, 23, 585, 614, 3345, 2108, 3864, 15789, 6628, 4179, 38161, 10960, 343, 484, 204]"," was named to the pentathlon team, which also included future International Olympic Committee president Avery Brundage ",38,;,22,3
"[398, 5200, 271, 248, 9587, 37404, 1255, 204, 23, 585, 614, 3345, 2108, 3864, 15789, 6628, 4179, 38161, 10960, 343, 484, 204]"," was named to the pentathlon team, which also included future International Olympic Committee president Avery Brundage ",70,[,22,4
"[398, 5200, 271, 248, 9587, 37404, 1255, 204, 23, 585, 614, 3345, 2108, 3864, 15789, 6628, 4179, 38161, 10960, 343, 484, 204]"," was named to the pentathlon team, which also included future International Olympic Committee president Avery Brundage ",513,..,22,5
"[398, 5200, 271, 248, 9587, 37404, 1255, 204, 23, 585, 614, 3345, 2108, 3864, 15789, 6628, 4179, 38161, 10960, 343, 484, 204]"," was named to the pentathlon team, which also included future International Olympic Committee president Avery Brundage ",791,—,22,6
"[398, 5200, 271, 248, 9587, 37404, 1255, 204, 23, 585, 614, 3345, 2108, 3864, 15789, 6628, 4179, 38161, 10960, 343, 484, 204]"," was named to the pentathlon team, which also included future International Olympic Committee president Avery Brundage ",6873,.[,22,7
"[398, 5200, 271, 248, 9587, 37404, 1255, 204, 23, 585, 614, 3345, 2108, 3864, 15789, 6628, 4179, 38161, 10960, 343, 484, 204]"," was named to the pentathlon team, which also included future International Olympic Committee president Avery Brundage ",951,...,22,8
"[398, 5200, 271, 248, 9587, 37404, 1255, 204, 23, 585, 614, 3345, 2108, 3864, 15789, 6628, 4179, 38161, 10960, 343, 484, 204]"," was named to the pentathlon team, which also included future International Olympic Committee president Avery Brundage ",600,–,22,9
"[398, 5200, 271, 248, 9587, 37404, 1255, 204, 23, 585, 614, 3345, 2108, 3864, 15789, 6628, 4179, 38161, 10960, 343, 484, 204]"," was named to the pentathlon team, which also included future International Olympic Committee president Avery Brundage ",9963,",.",22,10
"[398, 5200, 271, 248, 9587, 37404, 1255, 204, 23, 585, 614, 3345, 2108, 3864, 15789, 6628, 4179, 38161, 10960, 343, 484, 204]"," was named to the pentathlon team, which also included future International Olympic Committee president Avery Brundage ",898,…,22,11
"[398, 5200, 271, 248, 9587, 37404, 1255, 204, 23, 585, 614, 3345, 2108, 3864, 15789, 6628, 4179, 38161, 10960, 343, 484, 204]"," was named to the pentathlon team, which also included future International Olympic Committee president Avery Brundage ",24,-,22,12
"[398, 5200, 271, 248, 9587, 37404, 1255, 204, 23, 585, 614, 3345, 2108, 3864, 15789, 6628, 4179, 38161, 10960, 343, 484, 204]"," was named to the pentathlon team, which also included future International Olympic Committee president Avery Brundage ",18,',22,13
"[398, 5200, 271, 248, 9587, 37404, 1255, 204, 23, 585, 614, 3345, 2108, 3864, 15789, 6628, 4179, 38161, 10960, 343, 484, 204]"," was named to the pentathlon team, which also included future International Olympic Committee president Avery Brundage ",31847,",[",22,14
"[398, 5200, 271, 248, 9587, 37404, 1255, 204, 23, 585, 614, 3345, 2108, 3864, 15789, 6628, 4179, 38161, 10960, 343, 484, 204]"," was named to the pentathlon team, which also included future International Olympic Committee president Avery Brundage ",6182,192,22,15
"[398, 5200, 271, 248, 9587, 37404, 1255, 204, 23, 585, 614, 3345, 2108, 3864, 15789, 6628, 4179, 38161, 10960, 343, 484, 204]"," was named to the pentathlon team, which also included future International Olympic Committee president Avery Brundage ",563,--,22,16
"[398, 5200, 271, 248, 9587, 37404, 1255, 204, 23, 585, 614, 3345, 2108, 3864, 15789, 6628, 4179, 38161, 10960, 343, 484, 204]"," was named to the pentathlon team, which also included future International Olympic Committee president Avery Brundage ",6128,193,22,17
"[398, 5200, 271, 248, 9587, 37404, 1255, 204, 23, 585, 614, 3345, 2108, 3864, 15789, 6628, 4179, 38161, 10960, 343, 484, 204]"," was named to the pentathlon team, which also included future International Olympic Committee president Avery Brundage ",861,".""",22,18
"[398, 5200, 271, 248, 9587, 37404, 1255, 204, 23, 585, 614, 3345, 2108, 3864, 15789, 6628, 4179, 38161, 10960, 343, 484, 204]"," was named to the pentathlon team, which also included future International Olympic Committee president Avery Brundage ",1271,‘,22,19
"[398, 5200, 271, 248, 9587, 37404, 1255, 204, 23, 585, 614, 3345, 2108, 3864, 15789, 6628, 4179, 38161, 10960, 343, 484, 204]"," was named to the pentathlon team, which also included future International Olympic Committee president Avery Brundage ",1840,199,22,20
"[398, 5200, 271, 248, 9587, 37404, 1255, 204, 23, 585, 614, 3345, 2108, 3864, 15789, 6628, 4179, 38161, 10960, 343, 484, 204]"," was named to the pentathlon team, which also included future International Olympic Committee president Avery Brundage ",4278,[],22,21
"[398, 5200, 271, 248, 9587, 37404, 1255, 204, 23, 585, 614, 3345, 2108, 3864, 15789, 6628, 4179, 38161, 10960, 343, 484, 204]"," was named to the pentathlon team, which also included future International Olympic Committee president Avery Brundage ",13,"""",22,22
"[398, 5200, 271, 248, 9587, 37404, 1255, 204, 23, 585, 614, 3345, 2108, 3864, 15789, 6628, 4179, 38161, 10960, 343, 484, 204]"," was named to the pentathlon team, which also included future International Olympic Committee president Avery Brundage ",25858,(#,22,23
"[398, 5200, 271, 248, 9587, 37404, 1255, 204, 23, 585, 614, 3345, 2108, 3864, 15789, 6628, 4179, 38161, 10960, 343, 484, 204]"," was named to the pentathlon team, which also included future International Olympic Committee president Avery Brundage ",37,:,22,24
"[398, 5200, 271, 248, 9587, 37404, 1255, 204, 23, 585, 614, 3345, 2108, 3864, 15789, 6628, 4179, 38161, 10960, 343, 484, 204]"," was named to the pentathlon team, which also included future International Olympic Committee president Avery Brundage ",1702,".,",22,25
"[398, 5200, 271, 248, 9587, 37404, 1255, 204, 23, 585, 614, 3345, 2108, 3864, 15789, 6628, 4179, 38161, 10960, 343, 484, 204]"," was named to the pentathlon team, which also included future International Olympic Committee president Avery Brundage ",2747,198,22,26
"[398, 5200, 271, 248, 9587, 37404, 1255, 204, 23, 585, 614, 3345, 2108, 3864, 15789, 6628, 4179, 38161, 10960, 343, 484, 204]"," was named to the pentathlon team, which also included future International Olympic Committee president Avery Brundage ",4753,().,22,27
"[398, 5200, 271, 248, 9587, 37404, 1255, 204, 23, 585, 614, 3345, 2108, 3864, 15789, 6628, 4179, 38161, 10960, 343, 484, 204]"," was named to the pentathlon team, which also included future International Olympic Committee president Avery Brundage ",1672,"(""",22,28
"[398, 5200, 271, 248, 9587, 37404, 1255, 204, 23, 585, 614, 3345, 2108, 3864, 15789, 6628, 4179, 38161, 10960, 343, 484, 204]"," was named to the pentathlon team, which also included future International Olympic Committee president Avery Brundage ",3954,196,22,29
"[398, 5200, 271, 248, 9587, 37404, 1255, 204, 23, 585, 614, 3345, 2108, 3864, 15789, 6628, 4179, 38161, 10960, 343, 484, 204]"," was named to the pentathlon team, which also included future International Olympic Committee president Avery Brundage ",2497,....,22,30
"[398, 5200, 271, 248, 9587, 37404, 1255, 204, 23, 585, 614, 3345, 2108, 3864, 15789, 6628, 4179, 38161, 10960, 343, 484, 204]"," was named to the pentathlon team, which also included future International Olympic Committee president Avery Brundage ",22633,(.,22,31
"[398, 5200, 271, 248, 9587, 37404, 1255, 204, 23, 585, 614, 3345, 2108, 3864, 15789, 6628, 4179, 38161, 10960, 343, 484, 204]"," was named to the pentathlon team, which also included future International Olympic Committee president Avery Brundage ",30,3,22,32
"[398, 5200, 271, 248, 9587, 37404, 1255, 204, 23, 585, 614, 3345, 2108, 3864, 15789, 6628, 4179, 38161, 10960, 343, 484, 204]"," was named to the pentathlon team, which also included future International Olympic Committee president Avery Brundage ",7001,190,22,33
"[398, 5200, 271, 248, 9587, 37404, 1255, 204, 23, 585, 614, 3345, 2108, 3864, 15789, 6628, 4179, 38161, 10960, 343, 484, 204]"," was named to the pentathlon team, which also included future International Olympic Committee president Avery Brundage ",2746,.),22,34
"[398, 5200, 271, 248, 9587, 37404, 1255, 204, 23, 585, 614, 3345, 2108, 3864, 15789, 6628, 4179, 38161, 10960, 343, 484, 204]"," was named to the pentathlon team, which also included future International Olympic Committee president Avery Brundage ",29,2,22,35
"[398, 5200, 271, 248, 9587, 37404, 1255, 204, 23, 585, 614, 3345, 2108, 3864, 15789, 6628, 4179, 38161, 10960, 343, 484, 204]"," was named to the pentathlon team, which also included future International Olympic Committee president Avery Brundage ",42,?,22,36
"[398, 5200, 271, 248, 9587, 37404, 1255, 204, 23, 585, 614, 3345, 2108, 3864, 15789, 6628, 4179, 38161, 10960, 343, 484, 204]"," was named to the pentathlon team, which also included future International Olympic Committee president Avery Brundage ",5021,195,22,37
"[398, 5200, 271, 248, 9587, 37404, 1255, 204, 23, 585, 614, 3345, 2108, 3864, 15789, 6628, 4179, 38161, 10960, 343, 484, 204]"," was named to the pentathlon team, which also included future International Olympic Committee president Avery Brundage ",1152,(),22,38
"[398, 5200, 271, 248, 9587, 37404, 1255, 204, 23, 585, 614, 3345, 2108, 3864, 15789, 6628, 4179, 38161, 10960, 343, 484, 204]"," was named to the pentathlon team, which also included future International Olympic Committee president Avery Brundage ",31,4,22,39
"[398, 5200, 271, 248, 9587, 37404, 1255, 204, 23, 585, 614, 3345, 2108, 3864, 15789, 6628, 4179, 38161, 10960, 343, 484, 204]"," was named to the pentathlon team, which also included future International Olympic Committee president Avery Brundage ",15368,.....,22,40
"[398, 5200, 271, 248, 9587, 37404, 1255, 204, 23, 585, 614, 3345, 2108, 3864, 15789, 6628, 4179, 38161, 10960, 343, 484, 204]"," was named to the pentathlon team, which also included future International Olympic Committee president Avery Brundage ",28,1,22,41
"[398, 5200, 271, 248, 9587, 37404, 1255, 204, 23, 585, 614, 3345, 2108, 3864, 15789, 6628, 4179, 38161, 10960, 343, 484, 204]"," was named to the pentathlon team, which also included future International Olympic Committee president Avery Brundage ",5387,194,22,42
"[398, 5200, 271, 248, 9587, 37404, 1255, 204, 23, 585, 614, 3345, 2108, 3864, 15789, 6628, 4179, 38161, 10960, 343, 484, 204]"," was named to the pentathlon team, which also included future International Olympic Committee president Avery Brundage ",3344,197,22,43
"[398, 5200, 271, 248, 9587, 37404, 1255, 204, 23, 585, 614, 3345, 2108, 3864, 15789, 6628, 4179, 38161, 10960, 343, 484, 204]"," was named to the pentathlon team, which also included future International Olympic Committee president Avery Brundage ",5689,….,22,44
"[398, 5200, 271, 248, 9587, 37404, 1255, 204, 23, 585, 614, 3345, 2108, 3864, 15789, 6628, 4179, 38161, 10960, 343, 484, 204]"," was named to the pentathlon team, which also included future International Olympic Committee president Avery Brundage ",691,).,22,45
"[398, 5200, 271, 248, 9587, 37404, 1255, 204, 23, 585, 614, 3345, 2108, 3864, 15789, 6628, 4179, 38161, 10960, 343, 484, 204]"," was named to the pentathlon team, which also included future International Olympic Committee president Avery Brundage ",32,5,22,46
"[398, 5200, 271, 248, 9587, 37404, 1255, 204, 23, 585, 614, 3345, 2108, 3864, 15789, 6628, 4179, 38161, 10960, 343, 484, 204]"," was named to the pentathlon team, which also included future International Olympic Committee president Avery Brundage ",16663,.],22,47
"[398, 5200, 271, 248, 9587, 37404, 1255, 204, 23, 585, 614, 3345, 2108, 3864, 15789, 6628, 4179, 38161, 10960, 343, 484, 204]"," was named to the pentathlon team, which also included future International Olympic Committee president Avery Brundage ",2517,(',22,48
"[398, 5200, 271, 248, 9587, 37404, 1255, 204, 23, 585, 614, 3345, 2108, 3864, 15789, 6628, 4179, 38161, 10960, 343, 484, 204]"," was named to the pentathlon team, which also included future International Olympic Committee president Avery Brundage ",6474,191,22,49
"[398, 5200, 271, 248, 9587, 37404, 1255, 204, 23, 585, 614, 3345, 2108, 3864, 15789, 6628, 4179, 38161, 10960, 343, 484, 204]"," was named to the pentathlon team, which also included future International Olympic Committee president Avery Brundage ",9695,189,22,50
"[398, 5200, 271, 248, 9587, 37404, 1255, 204, 23, 585, 614, 3345, 2108, 3864, 15789, 6628, 4179, 38161, 10960, 343, 484, 204]"," was named to the pentathlon team, which also included future International Olympic Committee president Avery Brundage ",35,8,22,51
"[398, 5200, 271, 248, 9587, 37404, 1255, 204, 23, 585, 614, 3345, 2108, 3864, 15789, 6628, 4179, 38161, 10960, 343, 484, 204]"," was named to the pentathlon team, which also included future International Olympic Committee president Avery Brundage ",696,10,22,52
"[398, 5200, 271, 248, 9587, 37404, 1255, 204, 23, 585, 614, 3345, 2108, 3864, 15789, 6628, 4179, 38161, 10960, 343, 484, 204]"," was named to the pentathlon team, which also included future International Olympic Committee president Avery Brundage ",20,),22,53
"[398, 5200, 271, 248, 9587, 37404, 1255, 204, 23, 585, 614, 3345, 2108, 3864, 15789, 6628, 4179, 38161, 10960, 343, 484, 204]"," was named to the pentathlon team, which also included future International Olympic Committee president Avery Brundage ",33,6,22,54
"[398, 5200, 271, 248, 9587, 37404, 1255, 204, 23, 585, 614, 3345, 2108, 3864, 15789, 6628, 4179, 38161, 10960, 343, 484, 204]"," was named to the pentathlon team, which also included future International Olympic Committee president Avery Brundage ",853,200,22,55
"[398, 5200, 271, 248, 9587, 37404, 1255, 204, 23, 585, 614, 3345, 2108, 3864, 15789, 6628, 4179, 38161, 10960, 343, 484, 204]"," was named to the pentathlon team, which also included future International Olympic Committee president Avery Brundage ",1311,",""",22,56
"[398, 5200, 271, 248, 9587, 37404, 1255, 204, 23, 585, 614, 3345, 2108, 3864, 15789, 6628, 4179, 38161, 10960, 343, 484, 204]"," was named to the pentathlon team, which also included future International Olympic Committee president Avery Brundage ",73,^,22,57
"[398, 5200, 271, 248, 9587, 37404, 1255, 204, 23, 585, 614, 3345, 2108, 3864, 15789, 6628, 4179, 38161, 10960, 343, 484, 204]"," was named to the pentathlon team, which also included future International Olympic Committee president Avery Brundage ",37472,;.,22,58
"[398, 5200, 271, 248, 9587, 37404, 1255, 204, 23, 585, 614, 3345, 2108, 3864, 15789, 6628, 4179, 38161, 10960, 343, 484, 204]"," was named to the pentathlon team, which also included future International Olympic Committee president Avery Brundage ",488,“,22,59
"[398, 5200, 271, 248, 9587, 37404, 1255, 204, 23, 585, 614, 3345, 2108, 3864, 15789, 6628, 4179, 38161, 10960, 343, 484, 204]"," was named to the pentathlon team, which also included future International Olympic Committee president Avery Brundage ",273, and,22,60
"[398, 5200, 271, 248, 9587, 37404, 1255, 204, 23, 585, 614, 3345, 2108, 3864, 15789, 6628, 4179, 38161, 10960, 343, 484, 204]"," was named to the pentathlon team, which also included future International Olympic Committee president Avery Brundage ",1069,11,22,61
"[398, 5200, 271, 248, 9587, 37404, 1255, 204, 23, 585, 614, 3345, 2108, 3864, 15789, 6628, 4179, 38161, 10960, 343, 484, 204]"," was named to the pentathlon team, which also included future International Olympic Committee president Avery Brundage ",1313,13,22,62
"[398, 5200, 271, 248, 9587, 37404, 1255, 204, 23, 585, 614, 3345, 2108, 3864, 15789, 6628, 4179, 38161, 10960, 343, 484, 204]"," was named to the pentathlon team, which also included future International Olympic Committee president Avery Brundage ",928,12,22,63
"[398, 5200, 271, 248, 9587, 37404, 1255, 204, 23, 585, 614, 3345, 2108, 3864, 15789, 6628, 4179, 38161, 10960, 343, 484, 204]"," was named to the pentathlon team, which also included future International Olympic Committee president Avery Brundage ",39231,(‘,22,64
"[398, 5200, 271, 248, 9587, 37404, 1255, 204, 23, 585, 614, 3345, 2108, 3864, 15789, 6628, 4179, 38161, 10960, 343, 484, 204]"," was named to the pentathlon team, which also included future International Olympic Committee president Avery Brundage ",13946,.).,22,65
"[398, 5200, 271, 248, 9587, 37404, 1255, 204, 23, 585, 614, 3345, 2108, 3864, 15789, 6628, 4179, 38161, 10960, 343, 484, 204]"," was named to the pentathlon team, which also included future International Olympic Committee president Avery Brundage ",1030,15,22,66
"[398, 5200, 271, 248, 9587, 37404, 1255, 204, 23, 585, 614, 3345, 2108, 3864, 15789, 6628, 4179, 38161, 10960, 343, 484, 204]"," was named to the pentathlon team, which also included future International Olympic Committee president Avery Brundage ",5154,[…],22,67
"[398, 5200, 271, 248, 9587, 37404, 1255, 204, 23, 585, 614, 3345, 2108, 3864, 15789, 6628, 4179, 38161, 10960, 343, 484, 204]"," was named to the pentathlon team, which also included future International Olympic Committee president Avery Brundage ",20185,.(,22,68
"[398, 5200, 271, 248, 9587, 37404, 1255, 204, 23, 585, 614, 3345, 2108, 3864, 15789, 6628, 4179, 38161, 10960, 343, 484, 204]"," was named to the pentathlon team, which also included future International Olympic Committee president Avery Brundage ",3566,""".",22,69
"[398, 5200, 271, 248, 9587, 37404, 1255, 204, 23, 585, 614, 3345, 2108, 3864, 15789, 6628, 4179, 38161, 10960, 343, 484, 204]"," was named to the pentathlon team, which also included future International Olympic Committee president Avery Brundage ",36,9,22,70
"[398, 5200, 271, 248, 9587, 37404, 1255, 204, 23, 585, 614, 3345, 2108, 3864, 15789, 6628, 4179, 38161, 10960, 343, 484, 204]"," was named to the pentathlon team, which also included future International Olympic Committee president Avery Brundage ",14292,.;,22,71
"[398, 5200, 271, 248, 9587, 37404, 1255, 204, 23, 585, 614, 3345, 2108, 3864, 15789, 6628, 4179, 38161, 10960, 343, 484, 204]"," was named to the pentathlon team, which also included future International Olympic Committee president Avery Brundage ",34,7,22,72
"[398, 5200, 271, 248, 9587, 37404, 1255, 204, 23, 585, 614, 3345, 2108, 3864, 15789, 6628, 4179, 38161, 10960, 343, 484, 204]"," was named to the pentathlon team, which also included future International Olympic Committee president Avery Brundage ",770,"),",22,73
"[398, 5200, 271, 248, 9587, 37404, 1255, 204, 23, 585, 614, 3345, 2108, 3864, 15789, 6628, 4179, 38161, 10960, 343, 484, 204]"," was named to the pentathlon team, which also included future International Olympic Committee president Avery Brundage ",12,!,22,74
"[271, 314, 30245, 271, 1052, 248, 627, 7039, 204, 23, 273, 629, 646, 599, 1777, 7674, 312, 248, 30352, 204, 25, 17018, 317, 25, 7980, 747, 609, 204, 23, 4179, 275, 5837]"," to be merged to form the new university, and there were other possible candidates for the presidency. Albert A. Murphree, president of Florida",2683, State,32,0
"[271, 314, 30245, 271, 1052, 248, 627, 7039, 204, 23, 273, 629, 646, 599, 1777, 7674, 312, 248, 30352, 204, 25, 17018, 317, 25, 7980, 747, 609, 204, 23, 4179, 275, 5837]"," to be merged to form the new university, and there were other possible candidates for the presidency. Albert A. Murphree, president of Florida",204, ,32,1
"[271, 314, 30245, 271, 1052, 248, 627, 7039, 204, 23, 273, 629, 646, 599, 1777, 7674, 312, 248, 30352, 204, 25, 17018, 317, 25, 7980, 747, 609, 204, 23, 4179, 275, 5837]"," to be merged to form the new university, and there were other possible candidates for the presidency. Albert A. Murphree, president of Florida",317, A,32,2
"[271, 314, 30245, 271, 1052, 248, 627, 7039, 204, 23, 273, 629, 646, 599, 1777, 7674, 312, 248, 30352, 204, 25, 17018, 317, 25, 7980, 747, 609, 204, 23, 4179, 275, 5837]"," to be merged to form the new university, and there were other possible candidates for the presidency. Albert A. Murphree, president of Florida",29076, Agricultural,32,3
"[271, 314, 30245, 271, 1052, 248, 627, 7039, 204, 23, 273, 629, 646, 599, 1777, 7674, 312, 248, 30352, 204, 25, 17018, 317, 25, 7980, 747, 609, 204, 23, 4179, 275, 5837]"," to be merged to form the new university, and there were other possible candidates for the presidency. Albert A. Murphree, president of Florida",23,",",32,4
"[271, 314, 30245, 271, 1052, 248, 627, 7039, 204, 23, 273, 629, 646, 599, 1777, 7674, 312, 248, 30352, 204, 25, 17018, 317, 25, 7980, 747, 609, 204, 23, 4179, 275, 5837]"," to be merged to form the new university, and there were other possible candidates for the presidency. Albert A. Murphree, president of Florida",2000, University,32,5
"[271, 314, 30245, 271, 1052, 248, 627, 7039, 204, 23, 273, 629, 646, 599, 1777, 7674, 312, 248, 30352, 204, 25, 17018, 317, 25, 7980, 747, 609, 204, 23, 4179, 275, 5837]"," to be merged to form the new university, and there were other possible candidates for the presidency. Albert A. Murphree, president of Florida",18,',32,6
"[271, 314, 30245, 271, 1052, 248, 627, 7039, 204, 23, 273, 629, 646, 599, 1777, 7674, 312, 248, 30352, 204, 25, 17018, 317, 25, 7980, 747, 609, 204, 23, 4179, 275, 5837]"," to be merged to form the new university, and there were other possible candidates for the presidency. Albert A. Murphree, president of Florida",4440, College,32,7
"[271, 314, 30245, 271, 1052, 248, 627, 7039, 204, 23, 273, 629, 646, 599, 1777, 7674, 312, 248, 30352, 204, 25, 17018, 317, 25, 7980, 747, 609, 204, 23, 4179, 275, 5837]"," to be merged to form the new university, and there were other possible candidates for the presidency. Albert A. Murphree, president of Florida",273, and,32,8
"[271, 314, 30245, 271, 1052, 248, 627, 7039, 204, 23, 273, 629, 646, 599, 1777, 7674, 312, 248, 30352, 204, 25, 17018, 317, 25, 7980, 747, 609, 204, 23, 4179, 275, 5837]"," to be merged to form the new university, and there were other possible candidates for the presidency. Albert A. Murphree, president of Florida",19777, Agriculture,32,9
"[271, 314, 30245, 271, 1052, 248, 627, 7039, 204, 23, 273, 629, 646, 599, 1777, 7674, 312, 248, 30352, 204, 25, 17018, 317, 25, 7980, 747, 609, 204, 23, 4179, 275, 5837]"," to be merged to form the new university, and there were other possible candidates for the presidency. Albert A. Murphree, president of Florida",1592, state,32,10
"[271, 314, 30245, 271, 1052, 248, 627, 7039, 204, 23, 273, 629, 646, 599, 1777, 7674, 312, 248, 30352, 204, 25, 17018, 317, 25, 7980, 747, 609, 204, 23, 4179, 275, 5837]"," to be merged to form the new university, and there were other possible candidates for the presidency. Albert A. Murphree, president of Florida",9338, Southern,32,11
"[271, 314, 30245, 271, 1052, 248, 627, 7039, 204, 23, 273, 629, 646, 599, 1777, 7674, 312, 248, 30352, 204, 25, 17018, 317, 25, 7980, 747, 609, 204, 23, 4179, 275, 5837]"," to be merged to form the new university, and there were other possible candidates for the presidency. Albert A. Murphree, president of Florida",23011, Normal,32,12
"[271, 314, 30245, 271, 1052, 248, 627, 7039, 204, 23, 273, 629, 646, 599, 1777, 7674, 312, 248, 30352, 204, 25, 17018, 317, 25, 7980, 747, 609, 204, 23, 4179, 275, 5837]"," to be merged to form the new university, and there were other possible candidates for the presidency. Albert A. Murphree, president of Florida",302, S,32,13
"[271, 314, 30245, 271, 1052, 248, 627, 7039, 204, 23, 273, 629, 646, 599, 1777, 7674, 312, 248, 30352, 204, 25, 17018, 317, 25, 7980, 747, 609, 204, 23, 4179, 275, 5837]"," to be merged to form the new university, and there were other possible candidates for the presidency. Albert A. Murphree, president of Florida",3744, Techn,32,14
"[271, 314, 30245, 271, 1052, 248, 627, 7039, 204, 23, 273, 629, 646, 599, 1777, 7674, 312, 248, 30352, 204, 25, 17018, 317, 25, 7980, 747, 609, 204, 23, 4179, 275, 5837]"," to be merged to form the new university, and there were other possible candidates for the presidency. Albert A. Murphree, president of Florida",2883, Ag,32,15
"[271, 314, 30245, 271, 1052, 248, 627, 7039, 204, 23, 273, 629, 646, 599, 1777, 7674, 312, 248, 30352, 204, 25, 17018, 317, 25, 7980, 747, 609, 204, 23, 4179, 275, 5837]"," to be merged to form the new university, and there were other possible candidates for the presidency. Albert A. Murphree, president of Florida",388, at,32,16
"[271, 314, 30245, 271, 1052, 248, 627, 7039, 204, 23, 273, 629, 646, 599, 1777, 7674, 312, 248, 30352, 204, 25, 17018, 317, 25, 7980, 747, 609, 204, 23, 4179, 275, 5837]"," to be merged to form the new university, and there were other possible candidates for the presidency. Albert A. Murphree, president of Florida",398, was,32,17
"[271, 314, 30245, 271, 1052, 248, 627, 7039, 204, 23, 273, 629, 646, 599, 1777, 7674, 312, 248, 30352, 204, 25, 17018, 317, 25, 7980, 747, 609, 204, 23, 4179, 275, 5837]"," to be merged to form the new university, and there were other possible candidates for the presidency. Albert A. Murphree, president of Florida",12426, Agr,32,18
"[271, 314, 30245, 271, 1052, 248, 627, 7039, 204, 23, 273, 629, 646, 599, 1777, 7674, 312, 248, 30352, 204, 25, 17018, 317, 25, 7980, 747, 609, 204, 23, 4179, 275, 5837]"," to be merged to form the new university, and there were other possible candidates for the presidency. Albert A. Murphree, president of Florida",5502, Institute,32,19
"[271, 314, 30245, 271, 1052, 248, 627, 7039, 204, 23, 273, 629, 646, 599, 1777, 7674, 312, 248, 30352, 204, 25, 17018, 317, 25, 7980, 747, 609, 204, 23, 4179, 275, 5837]"," to be merged to form the new university, and there were other possible candidates for the presidency. Albert A. Murphree, president of Florida",7039, university,32,20
"[271, 314, 30245, 271, 1052, 248, 627, 7039, 204, 23, 273, 629, 646, 599, 1777, 7674, 312, 248, 30352, 204, 25, 17018, 317, 25, 7980, 747, 609, 204, 23, 4179, 275, 5837]"," to be merged to form the new university, and there were other possible candidates for the presidency. Albert A. Murphree, president of Florida",1428, since,32,21
"[271, 314, 30245, 271, 1052, 248, 627, 7039, 204, 23, 273, 629, 646, 599, 1777, 7674, 312, 248, 30352, 204, 25, 17018, 317, 25, 7980, 747, 609, 204, 23, 4179, 275, 5837]"," to be merged to form the new university, and there were other possible candidates for the presidency. Albert A. Murphree, president of Florida",23452, Female,32,22
"[271, 314, 30245, 271, 1052, 248, 627, 7039, 204, 23, 273, 629, 646, 599, 1777, 7674, 312, 248, 30352, 204, 25, 17018, 317, 25, 7980, 747, 609, 204, 23, 4179, 275, 5837]"," to be merged to form the new university, and there were other possible candidates for the presidency. Albert A. Murphree, president of Florida",427, from,32,23
"[271, 314, 30245, 271, 1052, 248, 627, 7039, 204, 23, 273, 629, 646, 599, 1777, 7674, 312, 248, 30352, 204, 25, 17018, 317, 25, 7980, 747, 609, 204, 23, 4179, 275, 5837]"," to be merged to form the new university, and there were other possible candidates for the presidency. Albert A. Murphree, president of Florida",10888, Poly,32,24
"[271, 314, 30245, 271, 1052, 248, 627, 7039, 204, 23, 273, 629, 646, 599, 1777, 7674, 312, 248, 30352, 204, 25, 17018, 317, 25, 7980, 747, 609, 204, 23, 4179, 275, 5837]"," to be merged to form the new university, and there were other possible candidates for the presidency. Albert A. Murphree, president of Florida",193,"
",32,25
"[271, 314, 30245, 271, 1052, 248, 627, 7039, 204, 23, 273, 629, 646, 599, 1777, 7674, 312, 248, 30352, 204, 25, 17018, 317, 25, 7980, 747, 609, 204, 23, 4179, 275, 5837]"," to be merged to form the new university, and there were other possible candidates for the presidency. Albert A. Murphree, president of Florida",25,.,32,26
"[271, 314, 30245, 271, 1052, 248, 627, 7039, 204, 23, 273, 629, 646, 599, 1777, 7674, 312, 248, 30352, 204, 25, 17018, 317, 25, 7980, 747, 609, 204, 23, 4179, 275, 5837]"," to be merged to form the new university, and there were other possible candidates for the presidency. Albert A. Murphree, president of Florida",4178, college,32,27
"[271, 314, 30245, 271, 1052, 248, 627, 7039, 204, 23, 273, 629, 646, 599, 1777, 7674, 312, 248, 30352, 204, 25, 17018, 317, 25, 7980, 747, 609, 204, 23, 4179, 275, 5837]"," to be merged to form the new university, and there were other possible candidates for the presidency. Albert A. Murphree, president of Florida",272, in,32,28
"[271, 314, 30245, 271, 1052, 248, 627, 7039, 204, 23, 273, 629, 646, 599, 1777, 7674, 312, 248, 30352, 204, 25, 17018, 317, 25, 7980, 747, 609, 204, 23, 4179, 275, 5837]"," to be merged to form the new university, and there were other possible candidates for the presidency. Albert A. Murphree, president of Florida",13429, Industrial,32,29
"[271, 314, 30245, 271, 1052, 248, 627, 7039, 204, 23, 273, 629, 646, 599, 1777, 7674, 312, 248, 30352, 204, 25, 17018, 317, 25, 7980, 747, 609, 204, 23, 4179, 275, 5837]"," to be merged to form the new university, and there were other possible candidates for the presidency. Albert A. Murphree, president of Florida",247, s,32,30
"[271, 314, 30245, 271, 1052, 248, 627, 7039, 204, 23, 273, 629, 646, 599, 1777, 7674, 312, 248, 30352, 204, 25, 17018, 317, 25, 7980, 747, 609, 204, 23, 4179, 275, 5837]"," to be merged to form the new university, and there were other possible candidates for the presidency. Albert A. Murphree, president of Florida",2793, School,32,31
"[271, 314, 30245, 271, 1052, 248, 627, 7039, 204, 23, 273, 629, 646, 599, 1777, 7674, 312, 248, 30352, 204, 25, 17018, 317, 25, 7980, 747, 609, 204, 23, 4179, 275, 5837]"," to be merged to form the new university, and there were other possible candidates for the presidency. Albert A. Murphree, president of Florida",7446, Stat,32,32
"[271, 314, 30245, 271, 1052, 248, 627, 7039, 204, 23, 273, 629, 646, 599, 1777, 7674, 312, 248, 30352, 204, 25, 17018, 317, 25, 7980, 747, 609, 204, 23, 4179, 275, 5837]"," to be merged to form the new university, and there were other possible candidates for the presidency. Albert A. Murphree, president of Florida",897, Un,32,33
"[271, 314, 30245, 271, 1052, 248, 627, 7039, 204, 23, 273, 629, 646, 599, 1777, 7674, 312, 248, 30352, 204, 25, 17018, 317, 25, 7980, 747, 609, 204, 23, 4179, 275, 5837]"," to be merged to form the new university, and there were other possible candidates for the presidency. Albert A. Murphree, president of Florida",17917, Teacher,32,34
"[271, 314, 30245, 271, 1052, 248, 627, 7039, 204, 23, 273, 629, 646, 599, 1777, 7674, 312, 248, 30352, 204, 25, 17018, 317, 25, 7980, 747, 609, 204, 23, 4179, 275, 5837]"," to be merged to form the new university, and there were other possible candidates for the presidency. Albert A. Murphree, president of Florida",618, had,32,35
"[271, 314, 30245, 271, 1052, 248, 627, 7039, 204, 23, 273, 629, 646, 599, 1777, 7674, 312, 248, 30352, 204, 25, 17018, 317, 25, 7980, 747, 609, 204, 23, 4179, 275, 5837]"," to be merged to form the new university, and there were other possible candidates for the presidency. Albert A. Murphree, president of Florida",14286, Agricult,32,36
"[271, 314, 30245, 271, 1052, 248, 627, 7039, 204, 23, 273, 629, 646, 599, 1777, 7674, 312, 248, 30352, 204, 25, 17018, 317, 25, 7980, 747, 609, 204, 23, 4179, 275, 5837]"," to be merged to form the new university, and there were other possible candidates for the presidency. Albert A. Murphree, president of Florida",329,’,32,37
"[271, 314, 30245, 271, 1052, 248, 627, 7039, 204, 23, 273, 629, 646, 599, 1777, 7674, 312, 248, 30352, 204, 25, 17018, 317, 25, 7980, 747, 609, 204, 23, 4179, 275, 5837]"," to be merged to form the new university, and there were other possible candidates for the presidency. Albert A. Murphree, president of Florida",38878, Experiment,32,38
"[271, 314, 30245, 271, 1052, 248, 627, 7039, 204, 23, 273, 629, 646, 599, 1777, 7674, 312, 248, 30352, 204, 25, 17018, 317, 25, 7980, 747, 609, 204, 23, 4179, 275, 5837]"," to be merged to form the new university, and there were other possible candidates for the presidency. Albert A. Murphree, president of Florida",312, for,32,39
"[271, 314, 30245, 271, 1052, 248, 627, 7039, 204, 23, 273, 629, 646, 599, 1777, 7674, 312, 248, 30352, 204, 25, 17018, 317, 25, 7980, 747, 609, 204, 23, 4179, 275, 5837]"," to be merged to form the new university, and there were other possible candidates for the presidency. Albert A. Murphree, president of Florida",9153, Univers,32,40
"[271, 314, 30245, 271, 1052, 248, 627, 7039, 204, 23, 273, 629, 646, 599, 1777, 7674, 312, 248, 30352, 204, 25, 17018, 317, 25, 7980, 747, 609, 204, 23, 4179, 275, 5837]"," to be merged to form the new university, and there were other possible candidates for the presidency. Albert A. Murphree, president of Florida",14709, agricultural,32,41
"[271, 314, 30245, 271, 1052, 248, 627, 7039, 204, 23, 273, 629, 646, 599, 1777, 7674, 312, 248, 30352, 204, 25, 17018, 317, 25, 7980, 747, 609, 204, 23, 4179, 275, 5837]"," to be merged to form the new university, and there were other possible candidates for the presidency. Albert A. Murphree, president of Florida",241, a,32,42
"[271, 314, 30245, 271, 1052, 248, 627, 7039, 204, 23, 273, 629, 646, 599, 1777, 7674, 312, 248, 30352, 204, 25, 17018, 317, 25, 7980, 747, 609, 204, 23, 4179, 275, 5837]"," to be merged to form the new university, and there were other possible candidates for the presidency. Albert A. Murphree, president of Florida",14947, Male,32,43
"[271, 314, 30245, 271, 1052, 248, 627, 7039, 204, 23, 273, 629, 646, 599, 1777, 7674, 312, 248, 30352, 204, 25, 17018, 317, 25, 7980, 747, 609, 204, 23, 4179, 275, 5837]"," to be merged to form the new university, and there were other possible candidates for the presidency. Albert A. Murphree, president of Florida",45638, Presbyterian,32,44
"[271, 314, 30245, 271, 1052, 248, 627, 7039, 204, 23, 273, 629, 646, 599, 1777, 7674, 312, 248, 30352, 204, 25, 17018, 317, 25, 7980, 747, 609, 204, 23, 4179, 275, 5837]"," to be merged to form the new university, and there were other possible candidates for the presidency. Albert A. Murphree, president of Florida",574, St,32,45
"[271, 314, 30245, 271, 1052, 248, 627, 7039, 204, 23, 273, 629, 646, 599, 1777, 7674, 312, 248, 30352, 204, 25, 17018, 317, 25, 7980, 747, 609, 204, 23, 4179, 275, 5837]"," to be merged to form the new university, and there were other possible candidates for the presidency. Albert A. Murphree, president of Florida",319, C,32,46
"[271, 314, 30245, 271, 1052, 248, 627, 7039, 204, 23, 273, 629, 646, 599, 1777, 7674, 312, 248, 30352, 204, 25, 17018, 317, 25, 7980, 747, 609, 204, 23, 4179, 275, 5837]"," to be merged to form the new university, and there were other possible candidates for the presidency. Albert A. Murphree, president of Florida",378, F,32,47
"[271, 314, 30245, 271, 1052, 248, 627, 7039, 204, 23, 273, 629, 646, 599, 1777, 7674, 312, 248, 30352, 204, 25, 17018, 317, 25, 7980, 747, 609, 204, 23, 4179, 275, 5837]"," to be merged to form the new university, and there were other possible candidates for the presidency. Albert A. Murphree, president of Florida",38,;,32,48
"[271, 314, 30245, 271, 1052, 248, 627, 7039, 204, 23, 273, 629, 646, 599, 1777, 7674, 312, 248, 30352, 204, 25, 17018, 317, 25, 7980, 747, 609, 204, 23, 4179, 275, 5837]"," to be merged to form the new university, and there were other possible candidates for the presidency. Albert A. Murphree, president of Florida",22746, Teachers,32,49
"[271, 314, 30245, 271, 1052, 248, 627, 7039, 204, 23, 273, 629, 646, 599, 1777, 7674, 312, 248, 30352, 204, 25, 17018, 317, 25, 7980, 747, 609, 204, 23, 4179, 275, 5837]"," to be merged to form the new university, and there were other possible candidates for the presidency. Albert A. Murphree, president of Florida",1365, during,32,50
"[271, 314, 30245, 271, 1052, 248, 627, 7039, 204, 23, 273, 629, 646, 599, 1777, 7674, 312, 248, 30352, 204, 25, 17018, 317, 25, 7980, 747, 609, 204, 23, 4179, 275, 5837]"," to be merged to form the new university, and there were other possible candidates for the presidency. Albert A. Murphree, president of Florida",3555, normal,32,51
"[271, 314, 30245, 271, 1052, 248, 627, 7039, 204, 23, 273, 629, 646, 599, 1777, 7674, 312, 248, 30352, 204, 25, 17018, 317, 25, 7980, 747, 609, 204, 23, 4179, 275, 5837]"," to be merged to form the new university, and there were other possible candidates for the presidency. Albert A. Murphree, president of Florida",14130, Atlantic,32,52
"[271, 314, 30245, 271, 1052, 248, 627, 7039, 204, 23, 273, 629, 646, 599, 1777, 7674, 312, 248, 30352, 204, 25, 17018, 317, 25, 7980, 747, 609, 204, 23, 4179, 275, 5837]"," to be merged to form the new university, and there were other possible candidates for the presidency. Albert A. Murphree, president of Florida",15619, agriculture,32,53
"[271, 314, 30245, 271, 1052, 248, 627, 7039, 204, 23, 273, 629, 646, 599, 1777, 7674, 312, 248, 30352, 204, 25, 17018, 317, 25, 7980, 747, 609, 204, 23, 4179, 275, 5837]"," to be merged to form the new university, and there were other possible candidates for the presidency. Albert A. Murphree, president of Florida",40622, Uni,32,54
"[271, 314, 30245, 271, 1052, 248, 627, 7039, 204, 23, 273, 629, 646, 599, 1777, 7674, 312, 248, 30352, 204, 25, 17018, 317, 25, 7980, 747, 609, 204, 23, 4179, 275, 5837]"," to be merged to form the new university, and there were other possible candidates for the presidency. Albert A. Murphree, president of Florida",8491, Farm,32,55
"[271, 314, 30245, 271, 1052, 248, 627, 7039, 204, 23, 273, 629, 646, 599, 1777, 7674, 312, 248, 30352, 204, 25, 17018, 317, 25, 7980, 747, 609, 204, 23, 4179, 275, 5837]"," to be merged to form the new university, and there were other possible candidates for the presidency. Albert A. Murphree, president of Florida",3569, became,32,56
"[271, 314, 30245, 271, 1052, 248, 627, 7039, 204, 23, 273, 629, 646, 599, 1777, 7674, 312, 248, 30352, 204, 25, 17018, 317, 25, 7980, 747, 609, 204, 23, 4179, 275, 5837]"," to be merged to form the new university, and there were other possible candidates for the presidency. Albert A. Murphree, president of Florida",6084, Women,32,57
"[271, 314, 30245, 271, 1052, 248, 627, 7039, 204, 23, 273, 629, 646, 599, 1777, 7674, 312, 248, 30352, 204, 25, 17018, 317, 25, 7980, 747, 609, 204, 23, 4179, 275, 5837]"," to be merged to form the new university, and there were other possible candidates for the presidency. Albert A. Murphree, president of Florida",21037, Baptist,32,58
"[271, 314, 30245, 271, 1052, 248, 627, 7039, 204, 23, 273, 629, 646, 599, 1777, 7674, 312, 248, 30352, 204, 25, 17018, 317, 25, 7980, 747, 609, 204, 23, 4179, 275, 5837]"," to be merged to form the new university, and there were other possible candidates for the presidency. Albert A. Murphree, president of Florida",1300, So,32,59
"[271, 314, 30245, 271, 1052, 248, 627, 7039, 204, 23, 273, 629, 646, 599, 1777, 7674, 312, 248, 30352, 204, 25, 17018, 317, 25, 7980, 747, 609, 204, 23, 4179, 275, 5837]"," to be merged to form the new university, and there were other possible candidates for the presidency. Albert A. Murphree, president of Florida",4833, Christian,32,60
"[271, 314, 30245, 271, 1052, 248, 627, 7039, 204, 23, 273, 629, 646, 599, 1777, 7674, 312, 248, 30352, 204, 25, 17018, 317, 25, 7980, 747, 609, 204, 23, 4179, 275, 5837]"," to be merged to form the new university, and there were other possible candidates for the presidency. Albert A. Murphree, president of Florida",836, i,32,61
"[271, 314, 30245, 271, 1052, 248, 627, 7039, 204, 23, 273, 629, 646, 599, 1777, 7674, 312, 248, 30352, 204, 25, 17018, 317, 25, 7980, 747, 609, 204, 23, 4179, 275, 5837]"," to be merged to form the new university, and there were other possible candidates for the presidency. Albert A. Murphree, president of Florida",1640, Col,32,62
"[271, 314, 30245, 271, 1052, 248, 627, 7039, 204, 23, 273, 629, 646, 599, 1777, 7674, 312, 248, 30352, 204, 25, 17018, 317, 25, 7980, 747, 609, 204, 23, 4179, 275, 5837]"," to be merged to form the new university, and there were other possible candidates for the presidency. Albert A. Murphree, president of Florida",44678, Cooperative,32,63
"[271, 314, 30245, 271, 1052, 248, 627, 7039, 204, 23, 273, 629, 646, 599, 1777, 7674, 312, 248, 30352, 204, 25, 17018, 317, 25, 7980, 747, 609, 204, 23, 4179, 275, 5837]"," to be merged to form the new university, and there were other possible candidates for the presidency. Albert A. Murphree, president of Florida",24,-,32,64
"[271, 314, 30245, 271, 1052, 248, 627, 7039, 204, 23, 273, 629, 646, 599, 1777, 7674, 312, 248, 30352, 204, 25, 17018, 317, 25, 7980, 747, 609, 204, 23, 4179, 275, 5837]"," to be merged to form the new university, and there were other possible candidates for the presidency. Albert A. Murphree, president of Florida",16606, Woman,32,65
"[271, 314, 30245, 271, 1052, 248, 627, 7039, 204, 23, 273, 629, 646, 599, 1777, 7674, 312, 248, 30352, 204, 25, 17018, 317, 25, 7980, 747, 609, 204, 23, 4179, 275, 5837]"," to be merged to form the new university, and there were other possible candidates for the presidency. Albert A. Murphree, president of Florida",30362, Farmers,32,66
"[271, 314, 30245, 271, 1052, 248, 627, 7039, 204, 23, 273, 629, 646, 599, 1777, 7674, 312, 248, 30352, 204, 25, 17018, 317, 25, 7980, 747, 609, 204, 23, 4179, 275, 5837]"," to be merged to form the new university, and there were other possible candidates for the presidency. Albert A. Murphree, president of Florida",62564, Southwestern,32,67
"[271, 314, 30245, 271, 1052, 248, 627, 7039, 204, 23, 273, 629, 646, 599, 1777, 7674, 312, 248, 30352, 204, 25, 17018, 317, 25, 7980, 747, 609, 204, 23, 4179, 275, 5837]"," to be merged to form the new university, and there were other possible candidates for the presidency. Albert A. Murphree, president of Florida",6151,State,32,68
"[271, 314, 30245, 271, 1052, 248, 627, 7039, 204, 23, 273, 629, 646, 599, 1777, 7674, 312, 248, 30352, 204, 25, 17018, 317, 25, 7980, 747, 609, 204, 23, 4179, 275, 5837]"," to be merged to form the new university, and there were other possible candidates for the presidency. Albert A. Murphree, president of Florida",295, I,32,69
"[271, 314, 30245, 271, 1052, 248, 627, 7039, 204, 23, 273, 629, 646, 599, 1777, 7674, 312, 248, 30352, 204, 25, 17018, 317, 25, 7980, 747, 609, 204, 23, 4179, 275, 5837]"," to be merged to form the new university, and there were other possible candidates for the presidency. Albert A. Murphree, president of Florida",6824, Union,32,70
"[271, 314, 30245, 271, 1052, 248, 627, 7039, 204, 23, 273, 629, 646, 599, 1777, 7674, 312, 248, 30352, 204, 25, 17018, 317, 25, 7980, 747, 609, 204, 23, 4179, 275, 5837]"," to be merged to form the new university, and there were other possible candidates for the presidency. Albert A. Murphree, president of Florida",105,~,32,71
"[271, 314, 30245, 271, 1052, 248, 627, 7039, 204, 23, 273, 629, 646, 599, 1777, 7674, 312, 248, 30352, 204, 25, 17018, 317, 25, 7980, 747, 609, 204, 23, 4179, 275, 5837]"," to be merged to form the new university, and there were other possible candidates for the presidency. Albert A. Murphree, president of Florida",2993, South,32,72
"[271, 314, 30245, 271, 1052, 248, 627, 7039, 204, 23, 273, 629, 646, 599, 1777, 7674, 312, 248, 30352, 204, 25, 17018, 317, 25, 7980, 747, 609, 204, 23, 4179, 275, 5837]"," to be merged to form the new university, and there were other possible candidates for the presidency. Albert A. Murphree, president of Florida",8688, agric,32,73
"[271, 314, 30245, 271, 1052, 248, 627, 7039, 204, 23, 273, 629, 646, 599, 1777, 7674, 312, 248, 30352, 204, 25, 17018, 317, 25, 7980, 747, 609, 204, 23, 4179, 275, 5837]"," to be merged to form the new university, and there were other possible candidates for the presidency. Albert A. Murphree, president of Florida",13,"""",32,74
